Mean_X,Mean_Y,Mean_Z,Std_X,Std_Y,Std_Z,Sqrt_X,Sqrt_Y,Sqrt_Z,Median_X,Median_Y,Median_Z,Max_vx,Max_vy,Max_vz,Max_ax,Max_ay,Max_az,Label
1.107474518,-0.428100702,4.866437208,4.983064469,3.332027188,4.982070693,140.9148294,92.73547282,192.310038,0.97716796,0.00958738,7.03058,39.13613851,42.303107,75.233551,40.37975233,71.345113,111.645925,0
-2.487965303,-0.564518099,4.735031995,5.344512765,4.848018863,5.1626475,134.1963195,111.0859932,159.5069634,-1.6741186,-0.07137272,6.119275,61.258485,47.102274,33.0783366,61.258485,65.2516955,66.1566732,0
-1.47074293,-3.888072393,2.541984433,5.372127283,6.878737989,5.637959677,148.0009646,209.9848143,164.3464123,-0.22796659,-2.2932312,2.384242,42.522614,48.212816,45.215911,58.103412,100.469747,64.256316,0
2.264501353,-3.701036341,2.687543456,5.136646754,5.011481688,5.332546952,164.4486945,182.5237643,174.9359862,3.3470397,-4.63077,3.3973353,38.59604944,41.044652,40.6555623,59.881164,48.123132,81.3111246,0
1.345079002,-1.816368117,4.5733503,4.268018919,4.307274679,5.646940754,111.073609,116.0345341,180.4102403,0.41225734,-1.4530207,6.2653713,36.3563294,39.25181196,42.2361677,46.5160014,55.28766396,79.9071062,0
-3.277772664,-0.480802343,4.461630488,4.542550919,3.165545517,4.817541242,155.0700573,88.6179877,181.7852618,-2.8524683,0.11717909,6.6401916,40.8980859,27.1909908,37.1859961,48.4902979,41.8637374,74.3719922,0
1.065647316,-2.019868739,4.513775161,3.900063421,4.258711105,5.716859672,103.478647,120.6477551,186.4738062,0.31158985,-0.602939665,6.16478035,41.6032909,40.3735354,52.668876,63.2590569,68.8527124,88.5985023,0
1.585344046,-1.045626999,4.735533342,4.671302446,3.674743387,5.194039333,122.5431646,94.90778934,174.6547283,3.0009594,-0.920885,6.4749353,33.287758,39.791901,40.50536,43.7851285,52.626811,81.01072,0
0.594155116,-1.901796021,4.651075946,5.418537388,4.519937969,5.560889297,128.5344183,115.644126,171.0051665,0.18429075,-1.7579443,6.75156,39.8434741,46.210119,41.2361313,50.2757363,58.029541,82.4722626,0
1.418054567,-1.546524276,4.560448233,3.065584928,4.298395109,6.005516415,80.7240528,109.1695207,180.2500858,0.173638105,-0.14114754,5.5636305,30.872367,40.1157415,39.4422261,34.8319,60.1213395,78.8844522,0
-2.531153476,1.764931377,4.601697493,4.666672569,4.280522845,4.310429823,138.3608698,120.6624257,164.3627368,-1.7363892,1.94295965,5.76541085,48.852416,57.787032,34.4876813,50.9949608,124.579139,70.8081208,0
1.606067401,-1.924795595,4.561827238,4.841637815,3.823985973,4.596352743,133.5174231,112.0633035,169.5507823,1.1232642,-1.902843,6.38991225,39.53561268,43.3935603,32.982509,53.7015515,43.3935603,63.747229,0
-2.193742698,-0.188861776,4.467818307,4.802249369,3.357313781,4.705432531,155.0235205,98.72620357,190.5578986,-1.7435743,-0.004261058,5.908513,40.03096063,12.57226438,28.95922244,57.011441,26.72164876,53.67207488,0
-2.687744023,0.940148529,4.414028518,5.319836902,4.266394926,4.894551356,137.5002855,100.7702263,152.0845587,-1.0083032,0.46223876,5.7839723,47.534683,46.993618,34.1425356,68.368956,69.6526,68.2850712,0
-2.15689384,-0.992429186,4.456906459,4.778536382,5.38294045,5.332605094,126.1720816,131.7132599,167.290062,-1.42264155,0.002130529,4.63196785,39.3085957,40.5887189,41.8571805,66.2094557,60.2549938,83.714361,0
-2.54334106,0.686993502,4.457724486,5.029215567,4.152423629,5.239864508,140.6909414,105.0554929,171.7698929,-0.94782897,0.440084825,6.2947102,50.946726,52.757763,36.6118186,70.038623,116.867646,73.2236372,0
-2.899949443,0.470044764,4.423152294,5.47621882,2.722525041,4.48861203,187.0550897,83.39041363,190.2554023,-1.36755615,0.3873944,5.86240885,49.356286,32.538735,28.213609,49.356286,66.719709,60.6318817,0
1.877950482,-0.752109695,4.418405363,4.38061497,4.470871209,6.527531402,108.3879593,103.088161,179.2797672,0.84315683,-0.07510114,5.601352,20.5580101,38.77883454,41.1956514,37.8770574,63.11822054,82.3913028,0
-4.098045445,0.296485497,3.784416566,5.711063803,2.999162091,4.050716641,188.6588372,80.8687781,148.7951744,-3.1374755,0.18920654,5.1193542,39.70925076,13.8205126,33.76843598,53.8621245,29.15605572,60.06800496,0
-2.54859256,0.063099301,4.628439471,4.953077293,3.027356205,5.338913612,174.3077731,94.74346883,221.1321267,-1.0347746,-0.016511599,6.32045655,47.201256,54.543683,36.3199362,63.613515,121.261743,72.6398724,0
-2.353652099,1.600678834,4.357648569,5.363826954,5.045262671,5.581975547,128.4865851,116.0976577,155.3704014,-0.99065775,1.8866767,5.2678454,47.173559,40.596916,35.5199224,50.504467,69.00424276,71.0398448,0
-2.644705734,1.562247609,4.380826615,5.35384659,2.995302348,4.954084668,142.0897698,80.38587837,157.3943245,-0.24501082,1.7747095,5.8953404,48.26439,23.6627927,35.3377623,58.000143,44.824466,70.6755246,0
1.616211193,-2.812768742,3.591584578,3.967752709,5.031693468,7.350204286,87.29272715,117.4657339,166.6936332,1.58550295,-1.68968625,3.65779355,23.528546,40.339447,70.320168,51.609038,73.223065,104.8248053,0
1.330762742,-3.70599633,2.419438054,3.813160623,5.457740725,5.186047748,104.8592776,171.3100094,148.5884445,1.2633728,-3.202141,1.3843213,18.1571486,39.15700342,39.1982806,32.468694,62.96709042,74.424109,0
-2.374867584,-0.093858247,4.774805014,4.825091772,3.711685224,5.158237274,137.0244424,94.58723045,179.1295792,-1.1195929,-0.2396845,6.56834135,43.6805566,39.28749463,34.5324224,58.715456,113.3917946,69.0648448,0
-2.908966296,0.178511003,4.169565525,5.808312754,3.934768608,4.692895377,145.4302295,88.16281089,140.5740576,-1.1819109,0.10176602,5.0558863,37.8780612,17.9240143,34.6324319,41.04325565,30.883088,67.8170768,0
-3.256620692,0.418117895,4.38343995,5.556545224,2.889685818,4.500063046,181.1681461,82.11902473,176.7374298,-2.11599985,-0.008522116,6.2911177,39.3491914,31.6130241,34.93155535,56.8681655,47.0955912,70.8055507,0
-2.642579548,0.477100177,4.729840268,5.136563375,3.224389161,5.194486016,152.5258591,86.05446952,185.5321021,-3.0811926,0.058079224,6.63480275,43.3471287,18.626954,33.294585,56.66386195,51.436328,66.58917,0
1.399485809,-2.06382126,4.305069413,3.756377677,4.87615525,4.556439793,117.2900928,154.9299449,183.452592,2.2632935,-2.5023062,6.6413894,34.1922463,41.668897,39.5711231,50.7597923,44.1412809,79.1422462,0
0.872332954,-2.565161852,3.438351546,3.927385891,5.57187065,6.076008366,95.71653333,145.9547247,166.1286879,0.23116238,-0.21092236,3.4703834,28.9288545,46.22291,40.1602143,63.3800133,46.406128,80.3204286,0
-3.227686418,-0.071296952,3.377180011,6.872184781,4.003722782,4.854405424,169.2924244,89.27116069,131.8779435,-1.1771521,0.12463594,2.8692334,38.73027275,15.30776784,26.29606,49.0978406,28.58479354,51.864034,0
-3.064653613,0.864057431,4.083286568,6.222890116,3.179368051,4.573573381,178.9045558,84.96649889,158.1599096,-1.1130853,0.119309615,5.8474402,46.924576,24.230191,30.9939212,54.05814,37.8241,60.8514054,0
-0.949768338,-0.231328431,4.763264969,3.839031854,4.569458032,5.498919943,105.3082234,121.8272397,193.7725461,-0.286846995,-0.069282756,5.7372694,29.542406,43.5075434,42.0673193,34.02068984,70.1712954,81.0564098,0
-0.376366848,-1.397402645,4.604926697,3.749277605,4.168761703,4.404732146,133.4899005,155.7650302,225.7941748,-0.172507125,-0.09800433,5.3630475,36.112918,36.91346826,40.7514361,52.340945,57.89503626,79.4371672,0
1.069793743,-0.92564967,4.719265716,4.852489648,4.422640335,5.523222755,132.3145668,120.317116,193.498035,0.91452955,-0.37662695,6.85215065,37.4370417,44.7123574,61.884909,54.4847887,74.4429314,87.1825005,0
-1.000267372,-2.379533308,3.429141056,17.65652217,12.6567727,11.55698944,215.8732122,157.2202825,147.1899724,-0.1101709,-1.0641992,2.65623685,74.905433,69.103499,56.282959,121.919731,115.0704375,78.933114,1
2.240783923,-1.489897362,3.182022888,21.13247657,12.60286525,11.84573026,259.4105244,154.9160056,149.7553602,1.9290004,-0.194396565,1.7453704,76.65739,44.4194096,73.616913,114.5711339,73.749383,116.9353,1
1.688209712,-2.365540231,1.587004991,20.21466992,10.21859562,9.469953214,247.6162493,128.0542926,117.2182144,0.6247776,-0.6924158,1.6706251,76.644218,49.89913,65.436724,117.0111895,84.8046751,107.3212495,1
-0.19568537,-2.508407219,-0.972259809,18.6150406,10.52177473,7.14021264,227.2381673,132.0578275,87.96707461,-0.12553245,-1.40210015,-0.5310956,70.344118,45.4190075,39.584249,106.5309012,67.8807005,54.584867,1
5.827835354,-1.231623917,1.107335284,17.20621997,10.36420581,7.076925022,221.8255994,127.4073475,87.44298721,1.44556385,-0.39936951,0.67000675,41.4072822,42.6052643,34.5911583,78.3591542,55.1372043,102.7695698,1
2.966465894,-3.822232658,1.961202307,18.0896937,9.69734298,9.026033209,223.7818216,127.2915946,112.764663,0.83517663,-1.50296275,0.652044085,42.0112873,44.867921,46.646598,113.2054255,60.3944669,85.9803924,1
0.282630047,-3.653386484,-0.423051742,18.04478731,9.078496701,7.332540086,220.2918971,119.5095443,89.65490165,0.66633545,-2.06448245,-0.35087037,42.853803,43.3072737,34.9983743,113.4915204,58.3048857,62.42859968,1
0.973999773,-3.715345786,0.793947619,20.32096066,8.169435867,8.036071579,248.3356121,109.6119602,98.57353317,0.74122365,-1.89310065,0.165505423,76.07899,38.9813659,45.867019,113.7921072,65.7732509,65.027494,1
2.601579598,-2.001661079,2.364426501,19.32403432,9.946177875,9.832737664,238.0221828,123.858947,123.4678244,0.420361615,-1.28149775,0.81386043,70.946464,44.159485,50.093031,107.8961436,73.039828,91.9259855,1
3.739825581,-2.673035725,1.321070677,17.41958714,8.224361546,9.567794201,217.5104703,105.5942532,117.9052346,0.80587257,-1.316662,1.0183928,76.10534,44.0476325,45.823177,113.6196097,75.0799005,122.819462,1
1.653426989,-4.14902255,1.207749038,19.6292283,8.274892896,9.717056736,240.4594707,113.0697229,119.530566,-0.40732126,-3.62243175,-0.1571265,78.022552,42.394342,60.680214,117.5942976,61.532943,89.306346,1
1.192251702,-3.702904213,0.569471511,18.69747099,9.17596033,9.30092094,228.6983546,120.8398274,113.7462399,0.31478565,-3.0977889,0.012250541,73.191795,41.584741,48.107559,110.5345571,61.523278,84.830054,1
3.265649619,-3.695123033,-0.157420098,16.8959894,9.610839773,8.31795537,210.0841839,125.7416322,101.5518883,1.008272765,-1.9770326,0.140082275,41.2879728,43.0569366,38.9374096,70.475915,69.9814189,65.2946006,1
5.090138712,-3.173590413,0.788235442,16.91800226,7.36587111,6.449044371,215.715155,97.95358054,79.31035928,1.57872185,-1.414741,1.3682912,75.58442,29.0537299,39.0997573,113.2968289,48.9719109,72.6635615,1
2.422587878,-3.526868106,0.707641774,18.30831866,8.336262996,6.911764803,225.4425096,110.54555,84.81282299,0.68922609,-1.9255958,0.256728725,40.1714358,43.519261,48.333888,107.8567262,65.1615787,63.0495757,1
2.468298234,-3.606021803,0.299223169,16.71171656,9.479718775,8.94924645,206.2203034,123.8563851,109.3009285,0.059247121,-0.60175477,0.376018065,38.33505965,43.091025,40.7856964,113.3280083,54.2530304,116.0084714,1
2.749694777,-3.072096876,0.578098883,17.45244597,9.405452619,7.816045955,215.6796603,120.8163283,95.66935419,1.00188117,-0.57244132,0.28868667,77.91238,40.4981713,26.7892853,116.7220184,46.7839023,38.7048587,1
5.119462089,-2.195057017,0.457971066,14.9908203,8.93198661,7.117689074,193.4303831,112.2943393,87.06333206,0.8447547,-0.348341465,0.18216021,38.1802257,40.7080284,44.5740204,72.9607214,68.9225564,70.7743354,1
1.455230447,-2.92597072,0.837717587,16.82254656,10.31234424,8.959624899,206.1173627,130.8797838,109.8463585,-0.55127435,-1.1717909,-0.195927925,71.90088,40.2403774,39.165702,113.9406985,55.6068224,64.7325374,1
-0.168191374,-3.404956537,0.480819728,16.09958405,9.632230981,9.03694945,196.5312638,124.7527977,110.4670991,-0.239151865,-2.08246465,0.13795174,70.5453,40.7474432,30.608492,111.8726095,61.64132976,54.9670373,1
2.732919652,-2.906236446,0.145324398,17.36223429,9.85592342,10.57889554,214.5599153,125.4618519,129.1441423,0.18375812,-1.1174624,-0.138484373,72.39545,41.5463916,42.7977274,110.5893585,58.99763024,64.73716,1
3.04558765,-2.501897395,1.419789678,13.51065552,10.35308532,12.38727868,169.0842237,130.0372776,152.2025844,1.32625415,-0.62989013,0.011838795,37.6673473,41.5890022,72.355934,73.7899076,70.0226353,112.907058,1
3.356115212,-1.922444071,1.614660341,15.53422819,11.54556499,11.87832389,194.0233258,142.8848461,146.335783,1.12012555,-1.03969805,-0.072970617,37.5403724,42.1834196,76.876534,70.16069288,68.7891476,123.40767,1
2.819787024,-2.812668296,1.300908075,15.94862691,11.26959366,10.18882261,197.7172885,141.8105176,125.3868338,0.29054582,-0.98323905,0.897531525,40.6599913,41.4366692,33.27843,75.4725396,53.6596512,50.3659426,1
2.642804493,-2.206552906,1.054810789,14.78080054,11.01498324,8.573674725,183.3030277,137.1440115,105.4493751,0.108124343,-0.853809435,1.0095721,74.23722,41.2438565,25.07246,112.6665518,64.6264325,43.8680736,1
2.197923889,-2.921098974,0.234108571,16.61828884,11.05189869,8.627966695,204.6303777,139.5687935,105.3567777,0.653539735,-1.46138095,1.0029144,70.196825,42.6265696,45.20284,114.8771286,66.6416825,61.819484,1
1.622586489,-2.519509017,0.173960126,16.93801639,8.601409051,7.913083607,207.7076828,109.4341823,96.61498979,0.088416945,-1.09459855,-0.199517215,38.70523537,37.0520409,35.7626494,103.9375474,60.9746994,43.7620144,1
1.213883092,-4.709385283,-0.857079591,16.77713451,8.261621751,9.328723432,205.3299563,116.1750884,114.3543828,0.4596616,-2.84243705,-0.43782368,40.7830374,41.4899326,31.5121407,116.1135336,65.9311066,44.2327214,1
0.752320442,-3.707187209,-0.194485539,16.97487641,9.030699771,8.344011427,207.4095366,119.218131,101.8794885,0.116113827,-1.87641265,0.23402108,70.639902,36.1588855,25.044975,107.393573,58.1439705,39.542803,1
2.009861305,-2.846027837,0.945340772,16.29822453,8.190295954,7.597629793,200.4622599,105.8774877,93.46081086,0.28021729,-1.61866935,0.553848275,41.7188685,40.8241423,32.108357,108.4480871,55.2349753,41.063334,1
-0.497553148,-3.200882446,-0.38790812,18.16921111,8.705823983,7.930465457,221.8671866,113.2685375,96.92017838,-0.188019165,-1.812412,0.13528858,75.47545,44.255359,37.369021,115.1692508,73.235095,47.4224773,1
-0.712324032,-4.263688949,-0.722790489,17.28014648,7.730204406,6.887245612,211.1114083,107.8448399,84.53432782,-0.6332997,-2.906955,-0.800290685,75.471855,32.0007558,23.2247434,114.4636465,59.9024002,42.6208067,1
0.423085327,-3.89146302,-0.915573972,16.25270228,8.655243476,5.766964769,198.4571731,115.9033881,71.28229702,0.162666205,-1.7342505,-0.1107875,68.447261,42.3174938,26.7203777,106.611342,55.7242632,42.9861534,1
2.551352803,-3.079883821,-0.799466907,17.49073948,8.755908443,6.072153369,215.7762251,113.3405339,74.76401563,0.7536746,-0.629571285,0.52677327,76.890903,42.2856852,25.9436589,114.7662973,62.391215,43.1550603,1
3.242445452,-2.880732606,0.20764271,17.13748934,7.763586917,6.899770876,212.9257041,101.1212739,84.26082249,0.46552056,-1.94674645,-0.16618125,71.351223,39.607419,32.8306595,119.1415835,58.286177,63.8744001,1
0.037128767,-4.111851003,-1.302207071,17.47371594,8.070393706,7.69679347,213.2943702,110.6374924,95.29541079,-0.119309617,-2.4338632,-0.42451721,40.6088629,41.7999245,31.42771,65.4894454,64.5071035,53.92293,1
1.719520969,-3.887414806,-0.897957862,15.45068808,9.5711205,7.301904557,189.7718457,126.1592045,89.80703181,0.96459695,-1.59867555,0.266617925,76.6035,41.0744794,29.2748305,116.0437678,54.8186614,48.073838,1
1.578112236,-4.324566391,-0.891642304,18.15788892,7.930969335,6.273370931,222.4863958,110.3513574,77.35099316,0.75118585,-3.1951176,0.13209279,77.470497,41.9895416,20.0912116,118.485532,54.5598016,31.76557103,1
0.748424454,-3.340388609,-0.149523419,17.56621717,7.989819144,6.545119458,214.6188406,105.7613998,79.91434982,0.020401883,-2.54864515,0.86579955,71.561985,41.7083117,33.641326,110.865899,59.9378782,65.0480744,1
-2.860602378,-5.343737277,-1.725859078,17.40769171,6.07647591,6.566846569,215.356887,98.91885349,82.8986492,-0.45966159,-5.54548965,-1.4585669,42.361223,27.5214913,31.6934505,112.348492,35.1388503,37.0798505,1
-0.01164533,-3.961467628,-0.396502542,18.59975785,7.262521561,6.984559641,227.0390234,101.058758,85.39560336,-0.153398085,-2.5420431,0.15733988,74.51864,40.1476993,29.8781977,115.5651973,48.2081373,49.6023817,1
-0.530054447,-3.88414763,-1.720843452,18.33441118,5.880840985,4.444736419,223.8941446,86.11648933,58.2047414,-0.11496094,-2.63168705,-1.10889405,71.89729,22.8019897,22.492826,111.3613086,52.2667557,62.4233485,1
-1.802032812,-4.653493782,-2.171309853,17.25337063,7.222851373,5.926263449,211.757501,104.9834195,77.07241493,-0.467674215,-2.96623165,-0.79140912,73.529495,44.4545635,33.748715,112.9551599,61.3873525,45.229241,1
0.746861382,-3.497954152,-0.915800087,16.78425996,6.855775751,4.662858285,205.0820964,94.01382876,58.01205332,0.29342599,-3.4828094,-0.282827695,66.114513,42.6105908,18.876305,107.5072341,62.0186308,29.5065994,1
-0.770245966,-4.167897507,-1.550861367,18.73260021,7.701305383,4.764213873,228.8550373,106.9715431,61.17792075,-0.30360037,-3.44763065,-0.633257135,75.577236,35.714689,21.941109,119.1251634,62.337727,37.09798998,1
-1.953362722,-3.817772698,-1.988836407,17.85194809,8.141874831,6.631724349,219.2201164,109.834134,84.5358264,-0.45007423,-3.6092713,-0.2083882,74.08514,36.6675033,26.63669,114.2613174,64.0581433,59.866271,1
-0.279698089,-3.403925099,-0.739260531,18.41920637,6.948631788,4.004209105,224.8611615,94.51055489,49.70911197,0.36782941,-2.97301675,-0.151014415,73.264843,35.362434,23.9369675,115.0381202,40.858043,26.063817,1
-1.93061376,-4.127242576,-0.944514578,16.12187164,8.826092548,5.63153297,198.2079399,119.0050681,69.70815264,-0.544350145,-2.53197005,0.013613152,39.7854135,41.358905,23.8271645,62.236689,59.941861,35.5687475,1
-0.587520058,-3.644259753,-2.1363368,18.90441308,7.908595189,6.416747925,230.8699314,106.3552076,82.58095225,-0.42717104,-2.84588195,-1.5986755,77.563903,44.5195445,36.640887,115.6736555,73.3232465,48.3437871,1
-1.278100407,-3.712525061,-1.377615612,18.66885679,7.128221815,5.924310982,228.4194322,98.17508207,74.25762821,0.16275829,-2.70614525,0.369441895,76.444232,40.581262,22.8149742,113.4588926,47.19511,37.0319657,1
-1.312661858,-5.297232283,-2.685871244,17.41070391,6.874029818,5.62757562,213.1319337,106.0645609,76.1633583,-0.397638545,-4.1033968,-1.421393,76.947185,39.2134518,25.1703496,112.7655537,50.0089998,36.4245476,1
0.64926086,-4.683543019,-2.699790925,18.17127583,6.332542081,4.189690221,221.9511781,96.25694039,60.89994067,0.301720943,-4.28828265,-2.6620642,71.866153,35.3628285,22.4440881,110.9719278,47.9259025,38.8451825,1
-0.987627422,-4.469002379,-2.567495317,17.23242855,5.586482139,5.743921686,210.6960931,87.44087122,76.84209552,-0.598146,-4.116555,-1.53341125,68.817293,38.6192007,36.3825755,115.3288213,61.5347457,53.2734485,1
-1.827776895,-3.44435764,-2.023747925,18.07610266,8.939013752,9.158145988,221.7796043,116.9851657,114.5041807,-0.074205043,-1.2197278,-1.00134855,71.426666,44.727271,42.2651235,113.3383474,71.145534,78.9005401,1
0.766081185,-3.987462206,0.390157089,17.58710847,8.349940999,11.63789968,214.8829526,113.0198386,142.139013,0.23171043,-1.46664475,-0.26027786,71.533245,43.203943,41.8099375,117.8880763,57.6028,73.5569555,1
1.939573806,-4.654844291,-0.185207631,18.69508354,7.783815493,10.97565212,229.4356296,110.8048558,133.994109,0.40107205,-2.382352,0.705737675,76.853782,38.83422829,38.55656,114.2796348,72.12932496,91.1827974,1
0.75198689,-4.059721012,0.174076835,19.12523854,7.139334902,9.917233225,233.6348867,100.3331726,121.0740316,0.03568636,-2.24173835,0.17470337,77.066936,42.1365481,58.448055,113.9478833,66.9041326,83.0641015,1
1.146729288,-4.900586971,-1.253875219,16.69608962,6.307497868,8.137065614,204.2850951,97.62303915,100.5056921,0.69619208,-3.68796495,-0.43835631,41.0836116,36.8350227,29.1242975,113.9809861,57.8405407,42.7016645,1
-0.640616792,-4.599395597,-2.119740998,14.77949153,6.122600552,8.270412446,180.5772151,93.58747442,104.2379675,-0.4277633,-3.59252925,-1.3617122,76.83582,41.777554,32.837014,113.3934823,54.929804,54.136735,1
1.451423747,-4.801173169,-1.636028493,16.60677699,5.555685712,6.939572158,203.4894737,89.7589577,87.04584989,0.51746255,-3.64641725,-0.9340576,78.144695,22.25381253,27.8603447,116.6379428,36.09582953,39.4390667,1
-2.271602249,-4.377559207,-2.11852336,18.110273,7.02129508,7.548292759,222.8078607,101.0937327,95.72227012,-0.246796535,-3.3679962,-0.446878435,42.8075688,40.5269335,38.4674498,73.57904366,40.5269335,55.2517478,1
-0.963784216,-4.717028571,-2.093182338,17.1951694,7.080524925,8.507661547,210.2254403,103.9591022,106.9667111,0.016504298,-3.37578,-0.85442325,72.534362,31.52381016,43.0885422,108.4933457,66.92510535,55.6863196,1
1.561657241,-4.7421102,-1.726176765,17.03020853,7.682897903,7.577788185,208.7582056,110.309349,94.88393502,0.504807975,-2.5500971,0.120423158,39.251716,41.1298731,25.5298993,113.497321,72.1334011,55.9476487,1
2.007647201,-3.519040621,-2.206941115,17.05950299,7.270443157,5.023792551,209.6844458,98.65895421,67.01584597,0.750478815,-1.79070955,-1.2640969,77.11244,39.7393786,22.794315,116.3662865,44.4479846,44.4578897,1
0.971201988,-3.934994522,-0.536028734,12.98739836,6.813380625,6.260819541,158.9770106,96.12246594,76.70450025,2.16640745,-2.81175295,-0.26946119,39.6991271,37.1504633,24.1668228,115.3063001,56.5513193,41.219104,1
-0.108277374,1.436350832,5.196067227,0.836157447,1.499710623,4.101149309,10.29239188,25.38870256,80.9688929,-0.18621277,1.29386955,7.738907,2.1499746,3.800616769,10.31831,4.42294542,7.762897538,20.36239,1
-0.457791709,2.346771025,5.269708258,0.344167021,1.781596653,3.920838669,2.725088139,14.0177956,31.25558265,-0.4670288,3.4452355,7.970625,0.827274006,4.076499513,8.22324096,1.107491296,7.789080688,16.35483886,1
2.313098243,-4.247013314,-2.099891364,3.461781389,4.094046804,5.434642109,101.9246211,144.4376806,142.6092277,2.56637875,-3.52067875,-1.09988555,17.452377,17.18035247,19.15280717,34.1826554,18.46065433,21.48555817,2
2.384369341,-4.470382808,-1.485568277,2.860438957,4.352398393,4.997544826,91.17134855,152.7667279,127.6105207,2.98599065,-4.3589355,-0.444215265,13.7691477,15.6288575,13.49457496,27.6065537,17.6299245,20.5892608,2
2.356033474,-4.353292136,-3.45766495,2.836730147,3.864572554,4.378199412,90.28129349,142.536694,136.584324,2.8584559,-4.3349855,-2.18126405,11.2960754,16.73189171,13.62019944,22.8879358,26.93227971,23.67123874,2
2.531039105,-4.723957378,-3.652557859,2.70246458,4.289690504,3.731992472,90.65528632,156.2431737,127.8571088,3.26860295,-4.74513245,-3.119513,10.8953203,15.58825416,13.8371579,21.0541718,19.07580117,15.5663619,2
2.934980482,-4.838503294,-2.284236158,3.269348873,4.460916465,4.036224071,107.5684101,161.1416586,113.5297875,3.79371095,-5.04091725,-0.85167893,12.8871198,17.31267556,22.7494077,24.574844,22.03518266,24.8151117,2
2.731924799,-5.170179305,-2.88726321,3.197871995,4.351270273,3.153308428,102.9740387,165.4679748,104.6797133,3.67395995,-5.7127204,-1.96870605,14.6954443,20.9197707,12.0117604,28.1107506,22.9627217,13.4423595,2
3.059441006,-5.143989114,-0.288642849,2.959555738,4.255653157,3.822186442,104.2244246,163.4766469,93.81282015,4.02363265,-6.0546093,0.094275903,13.4104266,20.67317337,11.40733798,26.0520515,23.70766437,23.95709996,2
2.831475547,-5.409846081,0.810203049,2.638706606,4.529562795,2.286775974,94.76841785,172.7700996,59.38210722,3.75898315,-6.5413971,0.22583606,16.061943,16.57014573,10.16447776,30.616221,21.38054173,19.52183402,2
2.700087167,-4.588028789,-2.740147691,3.000710292,4.155875741,3.871514866,98.83236068,151.5767644,116.1173261,3.5781591,-4.5301795,-0.77604515,14.6720325,16.88082588,13.6046687,29.144081,18.15617488,14.9434827,2
2.91022391,-4.216280593,-3.584744195,3.686473347,3.776945621,4.311841189,114.9874049,138.6042526,137.2837472,4.12601985,-4.115841,-2.89438115,14.405165,15.859597,15.1273726,28.9240935,17.809142,17.07628166,2
2.695833094,-4.535440468,-1.165387593,2.915221029,3.927295464,4.799639439,97.21686745,146.9043849,120.8874007,3.45780945,-4.84632205,-0.249271875,13.0473655,15.79773329,14.3561601,25.3173907,18.20592429,22.2763296,2
2.011531786,-5.280307697,-2.479606504,2.490155246,4.223761763,3.361980158,78.37141757,165.575504,102.271758,2.6393116,-6.328839,-1.1837384,9.8728993,14.26866157,12.01730866,19.656944,18.3856554,13.3457873,2
2.30330049,-4.644136731,-2.807607494,2.543504572,4.262431724,4.15078677,84.01366422,154.3490518,122.6775666,2.9464729,-4.8936236,-2.0285816,12.8210659,17.7475454,11.7312347,25.7882281,19.1881484,21.76912284,2
2.599956646,-4.916455853,-3.111756078,2.953848868,3.884574165,3.327213753,96.34455561,153.4333173,111.5390335,3.46200065,-5.89294565,-3.0279034,16.3717125,13.18511565,11.4120482,33.0511852,14.29760065,13.30293614,2
2.668108509,-5.107276361,-2.600590942,2.491415772,4.118216864,3.323603522,89.3832545,160.653134,103.3179647,3.4141003,-6.2156744,-1.84236875,10.722682,14.26957766,12.56611334,21.161605,19.02188215,13.10020234,2
2.475800148,-4.630843987,1.977750359,2.573401494,3.956659089,3.611020035,87.4332121,149.1451144,100.7846111,3.2991394,-4.7517188,0.5062736,11.199333,13.25330872,10.5294524,21.31013,15.36451822,18.88615367,2
2.411849152,-4.686707197,-1.773008806,2.398754032,4.037527798,4.548333069,83.28786419,151.4721473,119.4899537,2.9147172,-5.12055185,-0.38387815,10.5458746,16.37364325,13.6461034,18.0740247,28.06373425,21.87067412,2
2.160096013,-5.492416443,-2.163258806,3.75642146,5.292052993,4.137352492,106.0750653,186.749758,114.2860748,2.9380902,-5.037325,-0.74486772,15.343393,18.6817014,13.66853725,32.933315,19.7687011,19.32436448,2
2.211593124,-5.046307624,-4.265231446,3.245398652,5.125356156,3.807859135,96.14427347,176.1091382,140.0024803,2.89797365,-4.21224065,-4.4715014,17.615375,27.60088044,15.2380478,33.2764146,31.70354644,17.0845192,2
1.378513197,-4.971344511,-4.425326964,2.171754381,4.532589817,3.661968559,62.97120706,164.7259471,140.6510201,1.79954435,-4.70681215,-5.061275,10.933717,17.86695,13.2745667,21.6435,19.767398,14.7690873,2
2.04371554,-5.255919945,-2.535894673,2.849806362,4.225382953,3.850827741,85.85324867,165.1341257,112.875829,2.58961485,-6.17316265,-1.6178357,13.2139757,15.5914776,12.8073284,26.6746383,18.34019239,17.5588456,2
2.242616258,-5.055143856,-2.545839902,2.676106469,4.231969176,3.708328931,85.48311274,161.4326979,110.1183493,2.89078865,-5.6923625,-1.91781185,11.253507,16.56070575,11.8719241,22.0387875,18.53180675,16.0658121,2
2.431212422,-5.239098627,-0.837608317,2.899676177,4.953682011,3.644717036,92.64416517,176.5438556,91.53166674,3.1171179,-5.6408699,-0.245010815,13.833938,17.54558221,10.5249112,27.414004,19.35420426,15.9969539,2
2.197937501,-5.321552464,-1.616874618,2.728454369,4.572909677,4.000673877,85.77756722,171.8061193,105.6210188,2.882406,-6.2228594,-0.41050245,13.5640217,25.0191916,16.6212709,26.7232857,28.8422647,29.1511364,2
1.698895392,-5.208036976,-1.382694365,2.11270247,4.248619835,4.156837745,66.37311846,164.5800748,107.2259621,2.1279747,-5.894143,-0.429405425,10.2654326,15.70120608,9.66451872,20.0889838,16.22642464,16.94085748,2
1.70100406,-5.474596569,-3.30202018,2.167703886,4.594300232,2.926027573,67.45898034,175.0033535,108.0297327,1.8231713,-6.11747865,-3.7745508,11.8636234,16.96023416,10.7316067,24.2285043,18.47867516,12.3877623,2
2.535706156,-5.146525225,1.924860218,2.372786901,4.376972085,2.97541891,85.03131138,165.4315751,86.75292278,3.3805702,-5.4205279,0.7222493,9.0730413,15.59378123,11.7562379,19.2657546,18.65581223,23.5684444,2
2.052968465,-5.485335499,-2.664766655,2.407744809,4.354715144,2.917399505,77.46839043,171.5007469,96.74094014,2.68781075,-6.2504023,-3.00215695,12.374519,17.70318969,10.23739784,24.2915311,19.78326369,10.75998174,2
1.60151844,-5.347855434,-3.488356388,1.945428299,4.317603196,3.345214028,61.69235655,168.3036285,118.3396039,2.05996905,-6.3258455,-3.9942938,9.8103806,16.43068937,10.702852,20.0087543,17.96110637,11.7436445,2
1.928250514,-5.461918927,-1.008565984,2.176540206,4.356272594,3.903627675,71.19374313,171.0754934,98.68166148,2.53795805,-6.5138545,-0.2727077,10.6943458,16.28281743,12.8063194,20.9204651,17.78569143,26.8803539,2
2.248982034,-5.345867186,0.415166196,2.372040978,4.534357442,3.672722951,80.03169732,171.6468923,90.46140178,2.8343226,-6.1737617,0.16618125,10.4906819,19.5629946,11.21190983,19.5215998,23.9794096,16.64983594,2
1.828897393,-5.242339702,-3.814415161,2.267283373,4.587722032,3.216896872,71.31706083,170.5770917,122.1825056,2.3510387,-5.1941986,-4.15416145,11.0583172,17.22233608,11.1258466,20.0108637,21.23279908,12.1329526,2
1.963603399,-5.132556867,-1.860668373,2.442907888,4.530309235,4.407225062,76.73431148,167.6292974,117.0982839,2.515929,-5.965395,-0.5837649,13.662872,18.23135812,16.35373592,26.649151,19.65040812,29.54824812,2
1.948098324,-5.170463759,-2.036649858,2.725445638,4.449366988,4.50095106,82.01497759,167.0285616,120.9282568,2.567461,-5.8522302,-0.684975585,12.396327,19.6749706,14.5901328,23.6541793,23.3824626,30.1382736,2
1.96368201,-5.44117214,-1.519295508,2.77166822,4.561846637,4.115788772,83.15787943,173.8656635,107.3864326,2.7290338,-5.99114155,-0.4011171,12.7250804,17.9816201,11.8281616,25.7770814,24.16704146,19.3286082,2
1.265245863,-4.67855007,-3.112505494,2.1371164,4.031721476,4.78328152,60.79721125,151.2280084,139.7054177,1.71423525,-5.0564848,-1.9130219,10.9761926,15.02400298,12.4828882,22.4948572,17.25870027,22.92862884,2
1.530379777,-5.066884045,-2.094237025,2.276102626,4.158747527,4.650783367,67.14493734,160.5110643,124.8508671,2.0932472,-6.18094665,-0.6135923,10.2084906,14.44872727,12.2617914,20.2841171,15.86657727,25.35548694,2
2.297915794,-5.238726958,-3.317346187,2.732526264,4.121217571,2.925222791,87.41168895,163.2183575,108.298068,2.67463805,-6.2306432,-3.6637812,10.887925,14.47207374,13.0824394,21.6357415,16.73297274,13.9302754,2
2.297153414,-5.458336037,-0.89039673,2.905505032,4.828920273,3.839245051,90.68010817,178.4483777,96.46152361,2.68481695,-5.9043219,-0.138484375,12.572495,15.9647426,10.6286621,24.925846,17.09240425,17.37110586,2
2.703092246,-5.005016643,-2.500685809,2.52333567,3.804787883,2.952373167,90.54275859,153.9528663,94.72721675,3.53325245,-6.7335975,-2.3321503,11.6651062,12.4167623,9.4184943,22.3698094,15.7542213,14.22642434,2
2.665732237,-4.627022244,-3.647945531,2.597834713,3.53824321,3.304965976,91.13822133,142.6344304,120.5290887,3.50630865,-5.7869658,-4.37150925,11.2059293,10.50822818,10.3572299,21.6322799,11.41833518,14.11066936,2
2.508770733,-4.921915289,-3.39388717,2.688839461,3.848205381,3.144153555,90.03911975,152.9887322,113.2811428,3.30452815,-6.10490465,-3.7547918,10.9873278,11.53024788,10.54720158,22.0412169,12.85417272,11.45850658,2
2.556831021,-4.792757946,-3.208272401,2.157187973,3.699137859,3.314091282,81.91369502,148.2525081,112.9369049,2.9812006,-5.788762,-3.9062768,8.0132674,12.06571828,12.0396423,16.1191044,12.77224928,13.2323613,2
2.614495868,-5.183086173,-0.988676792,2.499214066,4.157367493,3.287388198,88.5593004,162.7008554,84.02282342,3.2356714,-6.2833337,-0.27377297,9.1711452,13.97576842,8.25963395,18.0911631,14.73618742,13.473888,2
2.856798467,-5.086182053,-0.929918781,3.061621415,4.527259617,3.170835417,102.5257059,166.7294228,80.87838718,3.7751921,-5.3600535,-0.34088461,13.194571,17.09232875,8.10456909,25.5365148,18.32097275,16.8767302,2
2.834651595,-4.992240162,0.264085246,2.505092827,4.25512979,3.573356679,92.62919816,160.6208227,87.69494001,3.44901105,-5.0427135,0.25037447,11.947762,16.91165044,8.5192209,23.465687,18.37979844,16.7115214,2
2.817693703,-4.989978985,-2.129516268,3.013840972,3.989068312,3.100876215,101.0173148,156.4340791,92.08989233,3.1518457,-6.10550365,-0.8861625,12.9953566,13.81925333,11.24434425,25.8074936,18.982239,11.6123617,2
3.072015505,-3.960775286,-4.265347009,2.827437986,3.45473859,3.442970308,102.2302132,128.6928146,134.2254959,2.8620746,-4.2793012,-5.09839775,11.5245242,13.91381354,11.6558642,22.8550517,16.96746184,13.2329842,2
3.533898089,-4.86938819,-2.093620716,3.38341244,4.082304315,2.673926986,119.7919104,155.5924957,83.14282923,4.42419985,-5.4660335,-1.03225345,14.5887914,17.72280405,10.81120466,28.9680188,20.17650105,11.44083768,2
3.409863995,-4.710328853,1.499080527,2.6810613,4.027854679,2.556034782,106.2166145,151.7572506,72.53826871,4.34396645,-5.4564533,0.66259448,10.4047908,13.45523476,9.2075167,19.8144516,14.04440976,18.239414,2
2.925445869,-4.906874951,-3.01732756,2.404531179,3.675379162,2.610434272,92.72658984,150.1265861,97.69526728,3.7535944,-6.4761329,-3.2578254,9.0053805,10.71345525,10.87460734,17.7688637,11.58776388,12.93911434,2
2.927980004,-4.435257667,-3.942545642,2.810158483,3.847414787,3.287809184,99.36869513,143.7694824,125.7028382,3.6230658,-5.8432488,-4.46970535,17.3645357,16.72381567,16.0003436,35.2149523,22.70965657,16.6146666,2
3.418997759,-4.920930653,-1.132164625,2.650031465,3.845913877,2.885521987,105.9259401,152.9352025,75.87156312,4.29367135,-6.11867625,-0.39095205,11.8857055,12.59998509,8.86458272,24.0408505,13.31130609,14.4539805,2
3.509151689,-4.601639312,-2.783741114,3.110811014,3.487659908,2.79139764,114.8263789,141.3900627,96.5239728,4.71579335,-5.71212145,-3.1686108,13.3921647,11.66929332,8.9487228,26.9956355,12.72310132,11.25794148,2
3.694589234,-4.469164222,-2.942366583,2.991229867,3.52644533,2.305890602,116.4024054,139.4026954,91.53946917,4.83734065,-5.2025812,-3.43505675,12.3141971,12.3418945,8.42946735,24.0811325,13.5657495,8.81267035,2
3.866196472,-4.669321715,-1.588035241,3.01501208,3.548007831,2.355224206,120.056543,143.6035046,69.54002525,5.01756585,-5.89893315,-0.8071216,11.686609,11.47501539,9.01685738,23.725286,14.44005139,10.72897854,2
3.454749428,-5.000371066,-1.818919409,3.058707177,3.814690764,2.067378796,112.9833361,154.0090711,67.41839279,4.7229786,-6.3360244,-1.2226575,12.86868,12.4323257,7.58389453,25.793643,14.2752937,8.57663053,2
3.348369395,-4.882515314,0.687374521,2.404926957,3.56516721,2.721342185,100.9523011,148.0436199,68.69866455,4.4529399,-6.75575135,0.320111965,8.7367651,10.12897668,7.97678074,16.5670152,10.6689716,9.4471564,2
3.28992103,-4.894559629,1.507640381,2.747973693,3.548690982,1.936580241,104.9638629,148.0451275,60.08529926,4.51221685,-6.6946783,1.6573535,12.6687626,12.6396386,7.13356586,23.1496746,18.4188202,13.7642507,2
3.847639125,-4.476102677,-2.643280839,3.226631656,3.539242483,2.523982204,122.9588389,139.7301445,89.48788393,5.02475085,-5.3486773,-2.7291248,14.1253662,14.33579,8.94751934,28.284901,16.2754269,12.5181147,2
3.837411286,-4.447122684,-2.743514645,3.054602149,3.646327684,2.444772367,120.1018784,140.8199835,89.97940768,5.139712,-5.00379445,-3.04406985,11.1811884,16.6302568,8.67749237,22.0987993,16.8182668,9.24118726,2
3.914362123,-4.310748469,-2.696770545,2.921329507,3.450956033,2.227085285,119.6047824,135.2149431,85.6418603,5.3905902,-5.08163275,-3.18836975,9.1705199,10.94804507,7.82488012,18.2260792,11.99552053,8.57571912,2
3.698678235,-4.571486758,-2.71833066,2.797710635,3.441328096,2.548547527,113.5632692,140.1174343,91.23680479,4.85949465,-6.13065125,-2.71176085,9.8911735,10.8169264,9.8426326,19.5066243,11.2911404,10.5012636,2
3.533673609,-4.723800665,-2.424986534,2.856216261,3.581946542,2.316597632,111.2597606,145.1686947,82.11543059,4.3325905,-5.97257985,-2.5590783,11.5280734,11.23853876,8.55931146,22.3424314,12.13497982,9.31374266,2
2.706309472,-4.862231687,-3.605772676,2.654405787,3.965603956,3.062321371,92.81671591,153.6380845,115.8372455,3.40571775,-5.6294935,-3.9146594,14.2731497,15.02891564,11.13082178,28.172676,17.09357103,12.62411578,2
2.793907832,-4.453908011,-3.97174561,2.530137099,3.504712374,3.1548952,92.2935926,138.7800426,124.2051641,3.2979419,-5.2504817,-5.0217572,12.2089967,12.78539925,11.73043565,23.6228472,13.2739251,12.05855365,2
2.752132042,-4.70990687,-3.556380416,2.382047363,3.58854937,2.951601395,89.12549634,144.9954065,113.1687392,3.38057,-6.1138861,-4.25355475,11.3509353,11.90221304,10.4754235,22.5761321,13.01709504,11.2035095,2
2.722301974,-4.308332607,-4.20286045,2.449641305,3.364558221,3.464184297,89.67163205,133.8576441,133.3670301,3.36021245,-5.3049681,-4.88823475,11.093759,11.01307775,11.42136882,21.53248,12.93029205,12.4719307,2
2.731493017,-4.441834262,-4.050903126,2.299716819,3.544691034,3.14446381,87.43318723,139.1555635,125.5730609,3.41290285,-5.14869335,-5.21395755,8.795821,11.075839,11.4962877,17.589247,11.808539,13.1201117,2
2.960897074,-4.360069947,-3.99293399,2.430741533,3.505861184,3.146125873,93.80480278,136.9980748,124.4792344,3.8086797,-5.2193463,-4.9085927,9.8844534,11.26669267,12.4924692,19.5150345,12.29415637,12.8258028,2
2.619654651,-4.478509475,-4.043245148,2.146317653,3.533983365,3.148652538,82.9274098,139.6966796,125.487818,3.13448175,-5.00978205,-4.82177305,6.7246566,11.8308875,11.4210086,13.23820274,17.71530224,12.6077406,2
2.844486666,-4.601669597,-3.763611005,2.43491025,3.5210803,3.123057656,91.68427675,141.8859533,119.7547522,3.6434234,-5.6336846,-4.52299435,11.607687,12.0120413,9.89587364,22.7782827,12.6467223,10.57888766,2
2.707840659,-4.407477058,-4.067445844,2.452299297,3.364980303,3.192537096,89.45216574,135.7867622,126.616164,3.566184,-5.6037469,-5.0271459,11.794126,11.1199341,12.9265743,23.1942716,11.79202549,15.22665362,2
2.410488085,-4.439312482,-4.227694017,2.296426011,3.549314669,3.438806992,81.51773776,139.177873,133.4445531,3.02670595,-5.1037868,-5.09121275,9.4367834,14.41035382,11.6143726,18.0508777,16.46887282,12.0897836,2
2.019857795,-4.604819826,-4.340921557,1.745498165,3.707245529,3.224023566,65.36747547,144.7586866,132.4098275,2.55668345,-4.99601055,-5.6833816,7.607343,12.84948412,11.7428871,14.7057443,13.77635662,13.11308974,2
2.445191924,-4.504659902,-0.619312725,2.501584754,4.251549081,4.713845755,85.64972838,151.6657594,116.3619942,3.0129345,-4.54694465,-0.319579335,12.056598,17.6902814,11.9954928,23.6940677,18.65141962,21.0618766,2
0.084515155,0.532739049,6.247953586,0.375450484,0.545732818,4.486587015,3.333929157,6.626194311,66.90677061,0.077239385,0.58677978,9.1286165,1.8633252,1.9005218,11.099026,2.97754235,2.9320314,21.87042796,2
-7.019191574,-2.870680093,0.795991541,7.580655544,3.234277795,4.180602121,252.9501274,105.8789577,104.1592269,-5.2884774,-2.4276736,-0.47181885,31.0441233,13.5431923,14.8706352,33.3780713,16.6459403,23.8782218,3
-10.47413649,-3.388945837,-2.334748471,11.33007021,4.353979235,3.720152159,377.7809487,135.0788522,107.519812,-6.35518435,-3.16322195,-2.4692651,40.318571,16.808568,18.234445,40.7739166,27.235286,20.225903,3
-10.30662642,-3.140388841,-2.125139617,10.25116208,3.839167815,3.128193621,355.925044,121.4331575,92.58132986,-7.07728275,-2.6584717,-3.00335445,32.59575995,10.7882915,14.1838944,33.11667795,11.4508531,14.3072377,3
-9.206048615,-2.909127521,-1.53926557,8.72456313,3.483439197,2.665738048,310.5567287,111.1138542,75.35378253,-7.067104,-2.0784019,-2.1800666,28.1459185,9.3139219,13.8798616,29.9134435,12.769853,16.4521126,3
-9.430603535,-2.893369443,-1.244138097,8.600651854,3.255790161,2.752782065,312.5228408,106.6417067,73.94481328,-7.67304395,-2.14437735,-1.6692694,27.3116462,10.4114819,12.8603826,47.2898327,13.0072006,25.0628682,3
-9.369161251,-3.037530034,-2.061954437,8.94798471,3.378498033,3.019112289,317.2199573,111.2343847,89.50364254,-7.22757005,-2.8256139,-2.6848169,31.451522,11.825839,12.7868323,34.3471,14.4350073,13.9579963,3
-8.706821937,-2.782014664,-1.457347397,7.647216922,3.010053778,2.227839935,283.7511674,100.3541588,65.17143588,-7.965835,-2.4177723,-1.9621198,26.5580375,10.0269747,12.1508932,26.5783965,14.0174965,13.0669885,3
-8.914926324,-2.53309924,-1.375332891,8.126247932,3.032032015,2.444902846,295.3659665,96.72999907,68.66932898,-7.3072045,-1.71322475,-2.01960025,27.3288673,10.3310267,10.2610425,27.5348383,12.1428593,12.1770579,3
-8.688921605,-2.669466029,-1.034083955,7.512177541,2.801220865,2.349045342,281.2501898,94.74114992,62.82426419,-7.81015875,-1.71794495,-1.5405963,24.182144,8.6282384,9.7176113,24.3809721,11.1474889,11.2659409,3
-8.605137198,-2.875318195,-0.970819821,7.607975647,2.74238116,2.354172466,281.2470915,97.29000377,62.33160793,-7.36229,-2.3189777,-1.3543836,23.0326269,7.6596447,10.384175,23.2192988,9.4319975,10.6862204,3
-8.589256592,-2.6351362,-1.180885015,7.428052043,2.643812592,2.161919249,278.0568208,91.39596788,60.30221107,-8.05924,-2.542912,-1.7016614,24.0086763,8.7672121,9.2723615,24.7178216,13.277034,10.170494,3
-8.201784485,-2.490217597,-0.895655986,7.029951429,2.513335892,2.190208182,264.5076015,86.62856189,57.92003025,-7.599996,-1.927392,-1.27115665,22.12725,7.3826031,9.4804013,22.3899666,8.2028323,9.6905847,3
-8.21574557,-2.757798165,-0.564269374,6.697721377,2.461974401,2.080049848,259.5571395,90.52071521,52.7510926,-8.2903605,-2.7189458,-0.8226892,20.1370819,8.6398145,7.7411776,20.2891649,9.9427051,8.3937535,3
-8.123618068,-2.690839237,-0.793168595,6.803482333,2.432514551,2.02710457,259.4649072,88.81851484,53.28088271,-7.97002635,-2.56207215,-1.11504055,21.3773048,7.31652483,8.364759,21.8017295,8.76249873,8.540793,3
-8.132483742,-2.411813322,-0.724571467,6.818630786,2.367426095,2.043884254,259.8694227,82.74856605,53.07826795,-8.094567,-1.88009025,-0.92687255,21.7763369,6.76740015,7.8407632,22.0888776,7.97151146,8.2141646,3
-8.409254457,-2.564744328,-0.849539195,6.977757464,2.404558875,2.16396391,267.5707509,86.08198538,56.90335007,-8.217911,-2.3992108,-1.4292279,23.0145462,7.6495974,8.3792906,23.9330362,8.6902331,9.1545725,3
-7.870352089,-2.69025752,-0.90719628,6.441983808,2.365534998,1.956171891,249.0450949,87.71743872,52.78201896,-8.0101425,-2.53452945,-1.30791265,22.5742335,7.3601012,8.1427538,23.0807805,7.9469532,8.408601,3
-8.656934604,-2.816196817,-1.208601935,7.583955293,2.687747512,2.301679202,281.8116754,95.31918344,63.63780121,-8.173004,-2.7967841,-1.59807685,23.8866783,8.7162022,9.8956554,24.1800693,8.9147235,9.9770861,3
-8.422177769,-2.584917018,-1.037234876,7.355015059,2.649289412,2.287348198,273.7946287,90.62725579,61.47730327,-7.5125773,-1.86751645,-1.4541959,22.4810982,7.2273306,9.816136,22.7146132,7.9925471,10.8735825,3
-8.541455817,-2.820939873,-0.857444349,7.118836812,2.530347329,2.323516826,272.268076,92.78907784,60.62149802,-8.2987425,-2.5620721,-1.3747412,20.929695,7.5173806,9.3186912,22.092478,9.3934526,9.8946936,3
-8.374781953,-2.802827973,-1.073347243,7.133156096,2.737868644,2.145998278,269.3704722,95.93521611,58.73520613,-8.292156,-2.5219556,-1.52802245,21.2287244,7.8486833,8.7994816,21.5795954,8.8816604,9.0006632,3
-8.483823801,-2.731316666,-1.054569479,7.367361541,2.76016391,2.325218388,275.1321344,95.07648931,62.49678201,-7.93110725,-1.9746936,-1.31306945,23.9871894,8.71387531,10.093776,24.5428334,10.2037679,11.4872442,3
-9.874990993,-3.252604588,-1.381862924,9.086020006,3.304810174,3.049430253,328.5729268,113.5332655,81.95024698,-7.8341088,-2.69788395,-2.2052568,27.5240987,9.307479105,12.4444823,28.9371597,9.439204105,13.263579,3
-8.897924796,-3.091177461,-1.251826564,8.318385227,3.203959457,2.61891636,298.2481577,109.0053908,71.05361964,-7.4856335,-2.40280335,-1.7567468,28.2694714,10.40915998,11.3825854,28.5820214,10.43310848,11.8472192,3
-8.722879664,-2.803762076,-1.009880145,7.58987189,2.67885106,2.469597274,283.1241155,94.94850513,65.30820968,-7.89817575,-2.47824645,-1.3603711,22.7003325,9.1936432,12.7208972,23.3098665,10.0028772,12.9256711,3
-8.164331841,-2.618977497,-0.816396589,6.990844623,2.512661506,2.161967505,263.1882631,88.86615281,56.56580263,-7.6275385,-1.83698,-1.14242435,22.3340388,8.17023483,9.1578859,22.9040528,8.46362553,9.8296889,3
-8.645482909,-3.011141997,-1.052607814,7.490689759,2.815891622,2.490078779,280.1013642,100.9445581,66.1731428,-7.66046985,-2.6381141,-1.5579602,22.6199594,7.70201802,11.731325,23.1516534,8.0439007,11.795991,3
-8.531703194,-2.943762145,-1.314194342,7.596097675,2.60897986,2.459009488,279.7082317,96.31562755,68.2514024,-7.86105285,-2.7734326,-1.58310795,23.5455738,9.7746587,12.4269371,25.1897548,11.0619812,14.5776648,3
-8.163314822,-2.770007262,-0.855482919,7.320339715,2.508051468,2.332437203,268.4821448,91.4968148,60.80977171,-7.29882185,-2.51656675,-1.08614135,24.103775,8.749457,11.3195334,25.150491,10.447526,11.8380549,3
-8.792767461,-2.791661468,-1.069730607,7.88947978,2.611607747,2.611294817,289.2606897,93.60288868,69.07308923,-7.5209602,-2.58721985,-1.53880005,24.5723666,8.2663868,14.2042542,26.0872146,8.9908795,15.0034846,3
-9.618870054,-2.905710417,-1.421247667,8.986539809,3.044616492,2.842959708,322.315959,103.045795,77.80319068,-7.48144225,-2.7003845,-2.1794678,26.9257445,8.3284497,11.5598925,27.2179365,8.4829288,12.0161441,3
-9.234892452,-3.026190294,-1.616297724,8.958034644,3.187787314,2.839710265,315.0198844,107.6184343,79.98599677,-6.9946545,-2.7714976,-2.11214515,28.034803,7.9944179,16.445996,29.5295405,9.7367949,16.863926,3
-8.61430956,-2.696287845,-1.1118013,7.673561778,2.568708927,2.35320771,282.480166,91.18301351,63.70773587,-7.51976265,-2.35021035,-1.48191835,24.2606684,7.5773664,11.7313237,24.9543137,8.7870047,12.0318984,3
-8.401909784,-2.853566202,-0.924443727,7.631311574,2.593396652,2.39946516,277.9193511,94.41611119,62.94013126,-7.0736903,-2.5842261,-1.37593875,25.1260548,8.8060948,11.2515978,25.2865208,9.1030776,11.3845216,3
-8.578293204,-2.816446825,-0.94466318,7.382687169,2.509472915,2.364138119,277.1285016,92.36665396,62.31639745,-7.8544665,-2.7207422,-1.4256354,22.6157105,7.1967473,10.605397,22.9629875,7.2784569,10.8604665,3
-8.019958701,-2.84169436,-0.943831869,6.776020237,2.476863727,2.042497955,257.0886972,92.30337807,55.07629344,-7.80237515,-2.72972345,-1.3064831,20.5581198,7.1363525,9.8095374,21.2848088,8.099493,10.4322423,3
-8.130378552,-2.608746028,-0.900554706,6.983901279,2.476917246,2.136214547,262.4461556,88.08104114,56.74577878,-7.54790415,-2.23934325,-1.08688815,22.6581948,7.4302186,8.3492699,22.9204518,8.2061122,8.6167259,3
-8.264879684,-2.696142835,-0.777156259,6.902137471,2.332015004,2.167724211,263.6683584,87.28716862,56.36577894,-7.93649605,-2.63152765,-1.31845825,21.2836898,6.81613156,8.4645645,21.5291808,7.6401908,9.4381398,3
-8.115684322,-2.5554962,-0.736170756,6.751408218,2.292745787,1.977449391,258.4993722,84.06598455,51.64728241,-8.0424755,-2.3369404,-1.1208692,21.7974152,6.7056289,7.634697,22.3434802,6.7690969,8.1404636,3
-8.047131052,-2.586797208,-0.84659096,6.676858956,2.351213569,1.906429012,256.0419453,85.59384803,51.0595557,-8.2921565,-2.5854235,-1.15799195,21.6975773,6.8152276,8.3394621,22.4539497,8.5900046,8.5609638,3
-8.03604024,-2.346254964,-0.853206343,6.683701182,2.214228175,1.903985438,255.9398575,78.99195183,51.07100748,-8.277786,-1.98127985,-1.0855426,22.5368238,6.6251579,7.648993,22.6685488,6.8439213,7.9819002,3
-8.274492873,-2.597226972,-0.821875667,7.086238642,2.363385031,2.181699197,266.7564272,85.98325686,57.06500492,-7.7724371,-2.4381299,-1.31366815,21.8122384,7.2418706,9.0679285,22.1379614,7.3915599,9.5972277,3
-8.376545661,-2.703305889,-0.806099395,7.092715713,2.386320163,2.18348897,268.7630433,88.29347353,56.97090982,-7.94966875,-2.3854395,-1.21793075,23.8413213,7.8935046,8.5911968,24.5653638,9.1257511,8.8354886,3
-8.354231049,-2.770014763,-0.880408389,7.301276525,2.632758115,2.09451711,271.6758741,93.571934,55.61371694,-7.723938,-2.4351361,-1.27355165,24.3004915,7.6162227,7.8339956,24.6561505,7.9754756,7.9944619,3
-8.388665004,-2.619274572,-0.864391059,7.243507383,2.529148327,2.08460947,271.3860561,89.15109498,55.23871404,-7.7754309,-2.3818469,-1.18074465,22.8090808,7.8505844,8.8145065,22.9467988,8.2491582,9.2372273,3
-8.074552462,-2.647772337,-0.720640613,6.787629387,2.316829526,2.16450306,258.2946267,86.14911921,55.83863144,-7.5586817,-2.35550175,-0.983754265,19.7841864,6.743037884,8.9299584,20.0577462,7.5481603,9.5754162,3
-8.110149732,-2.825067021,-0.616874414,6.788313761,2.424934926,2.15590878,258.9736632,91.16417899,54.88568197,-7.85865775,-2.83570315,-0.95261902,20.9801116,7.41906595,9.141364,21.3465506,7.52283916,9.680985,3
-8.287535202,-2.897742349,-0.843574762,7.236341554,2.59381565,2.268776127,269.4000049,95.22681518,59.24720035,-7.92931105,-2.8081604,-1.08195005,22.50688437,8.1582613,11.255935,22.99187537,11.19021,12.8905356,3
-8.205438266,-2.641927423,-0.684785201,7.164298356,2.551377327,2.302667045,266.725525,89.92816319,58.79984267,-7.5574842,-2.0549268,-0.92148375,22.9366785,7.8909245,11.2554507,23.3126955,8.1626567,11.5021376,3
-8.988050331,-2.934490305,-0.608892756,7.97165434,2.982823137,2.438210901,294.1697566,102.4508814,61.50958298,-7.58562535,-2.8614496,-0.909508685,25.3181798,8.6064788,9.2925583,25.8307148,8.7681428,9.4853574,3
-8.454495199,-2.803222205,-0.802715467,7.51134479,2.556221315,2.245054048,276.9166905,92.89165203,58.35864642,-7.5874219,-2.6961932,-1.10153005,24.6077245,7.362879,9.3057656,25.3274285,7.6263313,9.9440384,3
-7.909689395,-2.70469777,-0.773922059,6.788686352,2.361706094,2.044241835,255.2324097,87.92183897,53.5027952,-7.47665215,-2.2758673,-1.0867401,20.4675269,6.7919907,8.9073843,20.7681029,6.9344944,9.350463,3
-8.354858513,-2.777026068,-0.689603978,6.922093513,2.435508251,2.226616753,265.6755695,90.44452904,57.0532003,-8.1993495,-2.60159,-1.16629465,20.8447445,8.21561458,9.158118,21.1896285,8.44314018,9.5700612,3
-8.140010866,-2.838617012,-0.916461158,6.991569497,2.540039179,2.100724167,262.7474272,93.26990695,56.10127276,-7.78680725,-2.6618155,-1.27894045,21.3261428,6.815740337,9.4819052,21.5752228,7.031211,9.8651085,3
-8.467985843,-2.598283605,-0.781645147,7.540491492,2.606693154,2.273880773,277.6375672,90.11526666,58.85347237,-7.42515925,-1.87051025,-0.98674804,24.964524,7.72255082,9.829864,25.5487137,10.2584927,11.2572957,3
-8.451569864,-2.820089336,-0.679792213,7.055860683,2.42459959,2.323104665,269.5899418,91.06631394,59.24493926,-8.111931,-2.814148,-1.0220746,20.1881362,7.03277038,9.7001535,20.3737492,7.58706615,10.2306505,3
-7.80365159,-2.697819816,-0.792816962,6.378231695,2.24135505,1.910279292,246.7926433,85.88433418,50.62594451,-7.88859565,-2.5722509,-1.1448193,21.8922903,7.502179,7.9987232,22.2120273,7.6590531,8.3759389,3
-7.964934894,-2.557381958,-0.913683776,6.537010151,2.391052397,1.889476154,252.3110803,85.72446146,51.37502103,-8.7088895,-2.56267095,-1.2244537,20.5831955,6.9094918,8.0837305,21.2597855,7.0927108,8.7303857,3
-7.992159082,-2.478314519,-0.657451127,6.667255763,2.296650892,2.046782863,254.8562172,82.73278854,52.61889322,-8.090376,-1.98247745,-0.767005,21.1920261,6.9782871,8.2614046,21.2447181,7.0980381,8.3877825,3
-8.418296507,-2.856192562,-0.602935511,7.044571466,2.584367237,2.256863155,268.7872689,94.31540184,57.17590477,-8.244855,-2.74948235,-0.93705138,21.5585472,7.5676823,9.4623611,21.8148152,7.7401237,9.78846,3
-8.095937099,-2.818471689,-0.670152896,6.931310633,2.477676718,2.09927769,260.9680358,91.88830103,53.93733463,-7.87123155,-2.74708735,-0.905916135,20.3278953,7.23821432,9.1832019,20.5805713,7.5289817,9.9555958,3
-7.866250038,-2.548551861,-0.793270488,6.403627752,2.273234416,1.941659822,248.3739044,83.62092552,51.34026214,-8.115523,-2.4525,-1.06578365,19.8433114,6.894445447,8.0870502,20.0396994,7.0525635,8.2487142,3
-8.297692688,-2.701614675,-0.77788551,6.831588129,2.338368424,2.182740969,263.1856941,87.49025819,56.71784591,-8.41071,-2.6303302,-1.2394307,20.65637135,7.06487539,9.8046751,21.05154935,7.31036479,10.0824973,3
-8.294922457,-2.893036887,-0.954323008,7.299095475,2.596504086,2.268825105,270.5480423,95.18485018,60.2480895,-7.6431062,-2.8225305,-1.3322296,23.8797377,7.046007884,10.4939843,24.2868947,8.6081377,10.9985982,3
-8.569566664,-2.615459752,-0.935959693,7.337946027,2.520523927,2.226180741,276.2533427,88.9373336,59.11163051,-7.91613845,-2.1806653,-1.26784765,20.67865985,7.32597606,8.8034095,20.79242085,7.34956727,9.4656324,3
-8.448950843,-2.656384208,-0.506688478,6.959832722,2.454739557,2.26452398,268.0410152,88.5621153,56.7957144,-8.364007,-2.40160585,-0.848435675,20.06745424,7.38607226,8.977277,20.37042324,7.63754926,9.4035903,3
-8.349374313,-2.7318822,-0.839522798,7.174469773,2.514024443,2.153519399,269.5543874,90.90533117,56.575869,-7.8005786,-2.5494983,-1.17819995,21.626712,7.18265692,8.3164441,21.7114768,7.3499125,8.6062778,3
-8.207941609,-2.467123667,-0.877775698,6.931783581,2.355748435,2.138894404,263.0663563,83.5236516,56.59187927,-7.95505735,-1.9549347,-1.23463255,20.9294183,6.6934125,8.9233177,21.3629183,6.7594145,9.1281494,3
-8.288446978,-2.772420814,-0.485272683,6.777897103,2.479939214,2.156918002,262.1774315,91.08072961,54.11116901,-8.1987505,-2.7111621,-0.83047303,20.8952157,7.59476177,8.327673,21.3439868,7.83896116,8.9324156,3
-8.462961533,-2.946431044,-1.141395362,7.700227255,2.554008394,2.27389702,280.1603775,95.47840543,62.28052673,-7.37965395,-2.67104555,-1.5407176,29.1675146,8.3859832,9.8771339,29.171677,9.4491899,9.818456,3
-8.924853371,-2.587741278,-1.080260996,8.159903666,2.817845889,2.3759424,296.1007215,93.66993098,63.88735838,-7.87422525,-1.9788849,-1.51544865,30.6637334,9.6310866,9.9940807,31.6744304,10.5521132,10.7640794,3
-8.784534654,-2.643326895,-1.062188841,8.100469434,2.785480448,2.503681833,292.5846457,94.02067931,66.57125724,-7.15033085,-1.94356485,-1.5459851,27.3542583,7.6477308,10.6237684,27.6037475,8.1494878,10.8973758,3
-8.452851259,-2.697992048,-0.702017303,7.016943113,2.545897142,2.202830291,269.0049694,90.82934777,56.58905627,-8.3939445,-2.3525079,-1.14122675,21.5511098,8.2281404,8.362745,21.5091978,9.5334254,8.6285921,3
-8.230212298,-2.647468251,-0.933218275,6.818977483,2.362907107,2.029472958,261.7143683,86.88997384,54.67792372,-8.2454535,-2.74529115,-1.29630435,20.6545728,6.71289555,8.0102143,20.7822715,7.6852355,8.9271082,3
-8.092965119,-2.481574017,-0.893698034,6.82392149,2.410711743,2.088152132,259.2115496,84.7114685,55.59752623,-7.8550652,-1.953751,-1.2975018,21.3978655,7.1524028,8.8134335,21.5954555,7.1662455,9.2002294,3
-8.587884051,-2.802862183,-0.834922822,7.427995915,2.554652534,2.345800895,278.0304846,92.8592771,60.94607447,-7.66705635,-2.5057893,-1.3600226,23.2273262,7.5233286,9.0443897,24.7868749,8.3070088,10.7268905,3
-8.139200385,-2.684674642,-0.952889162,6.885943321,2.505481785,2.018974731,261.056053,89.91480803,54.64867586,-8.004754,-2.82372805,-1.3382172,21.9899166,7.4426979,8.8442045,22.6581266,9.0365826,9.3794915,3
-8.102229101,-2.47964239,-0.730629848,6.854425848,2.353501949,2.067040927,259.8664636,83.70794294,53.66203727,-7.98020485,-1.83638125,-0.91670997,21.8360219,7.476508,8.4170128,22.1785119,8.4297257,8.6541357,3
